<?xml version="1.0" encoding="UTF-8" standalone="yes"?>
<manifest>
  <control namespace="dynamicscode" constructor="RegExValidator" version="0.0.2" display-name-key="Regular Expression Validator" description-key="Regular Expression Validator" control-type="standard">
    <property name="regExValue" display-name-key="RegEx" description-key="RegEx to test" of-type="SingleLine.Text" usage="input" required="true"/>
    <property name="controlValue" display-name-key="Value" description-key="Value to match against RegEx" of-type="SingleLine.Text" usage="bound" required="true"/>
    <resources>
      <code path="bundle.js" order="1"/>
      <css path="RegExValidator.css" order="1"/>
    </resources>
  </control>
</manifest>